Título;Estudio;Estado;Versiones;Precio;Clasificación;Año;Género;Fecha de Publicación de DVD;ID
!!!! Beat, Vol. 2: Shows 06 - 09;Bear Family;Fuera;4:03;125930.0;No Clasificado;-1;M£sica;10/05/2005;61690
!!!! Beat, Vol. 3: Shows 10 - 13;Bear Family;Fuera;4:03;125930.0;No Clasificado;-1;M£sica;10/05/2005;61702
!!!! Beat, Vol. 4: Shows 14 - 17;Bear Family;Fuera;4:03;125930.0;No Clasificado;-1;M£sica;12/07/2005;65695
!!!! Beat, Vol. 5: Shows 18 - 21;Bear Family;Fuera;4:03;125930.0;No Clasificado;-1;M£sica;12/07/2005;65707
!!!! Beat, Vol. 6: Shows 22 - 26;Bear Family;Fuera;4:03;125930.0;No Clasificado;-1;M£sica;12/07/2005;65757
!Hero: The Rock Opera: Live On Stage (2-Disc Collector's Edition);ForeFront Records;Descontinuada;4:03;69930.0;No Clasificado;-1;M£sica;29/03/2005;60970
!K7 150;!K7;Fuera;4:03;41965.0;No Clasificado;-1;M£sica;12/08/2003;31992
!Women Art Revolution;Zeitgeist;Fuera;LBX, 16:9;104965.0;No Clasificado;2010;Documental;20/03/2012;220757
#1 Latino Hits;BMG Music;Descontinuada;4:03;69930.0;No Clasificado;-1;M£sica;19/11/2002;22659
#1 Serial Killer;Indican Pictures;Fuera;LBX, 16:9;87430.0;No Clasificado;2013;Horror;23/06/2015;276862
#EM3 [Eenie Meenie Miney Moe];Leomark Studios;Fuera;4:03;34825.0;No Clasificado;2013;Drama;19/05/2015;276799
